{
    "IMUs": [
        {
            "port": 0,
            "accelerometer": {
                "theta": [
                    [
                        0.997624911,
                        0.00501776681,
                        0.0211610225
                    ],
                    [
                        -0.00811466326,
                        0.986648117,
                        0.136514105
                    ],
                    [
                        -0.0214393877,
                        -0.138505947,
                        0.985038735
                    ]
                ],
                "bias": [
                    -4.31342161,
                    -22.0591438,
                    29.0506018
                ]
            },
            "magnetometer": {
                "theta": [
                    [
                        0.945738,
                        -0.003007,
                        -0.006546
                    ],
                    [
                        -0.003007,
                        0.922916,
                        0.007009
                    ],
                    [
                        -0.006546,
                        0.007009,
                        0.949019
                    ]
                ],
                "bias": [
                    -21.155646,
                    15.08731,
                    60.443188
                ]
            },
            "gyroscope": {
                "theta": [
                    [
                        0.92552028,
                        -0.03281577,
                        0.33111104
                    ],
                    [
                        0.04988341,
                        0.88751086,
                        0.42732689
                    ],
                    [
                        0.13176533,
                        -0.15967813,
                        0.80570043
                    ]
                ],
                "bias": [
                    0.01302428,
                    0.00608158,
                    0.00806136
                ]
            }
        },
        {
            "port": 1,
            "accelerometer": {
                "theta": [
                    [
                        0.998175208,
                        -0.0131904022,
                        0.00489315879
                    ],
                    [
                        0.0138542229,
                        0.998597102,
                        0.0123811444
                    ],
                    [
                        -0.00724020321,
                        -0.0177614771,
                        0.993377592
                    ]
                ],
                "bias": [
                    -3.1927911,
                    -19.8014002,
                    5.25052353
                ]
            },
            "magnetometer": {
                "theta": [
                    [
                        1.264232,
                        -0.044928,
                        -0.002404
                    ],
                    [
                        -0.044928,
                        1.225985,
                        -0.006535
                    ],
                    [
                        -0.002404,
                        -0.006535,
                        1.244639
                    ]
                ],
                "bias": [
                    6.847327,
                    -22.258473,
                    54.19993
                ]
            },
            "gyroscope": {
                "theta": [
                    [
                        0.91231546,
                        0.1936244,
                        -0.01587249
                    ],
                    [
                        -0.04097905,
                        0.95112852,
                        0.0414368
                    ],
                    [
                        -0.01217961,
                        0.2924943,
                        0.90286951
                    ]
                ],
                "bias": [
                    0.00381464,
                    0.01862675,
                    0.00931548
                ]
            }
        },
        {
            "port": 6,
            "accelerometer": {
                "theta": [
                    [
                        0.997494151,
                        -0.0224596029,
                        0.0299220177
                    ],
                    [
                        0.0216129065,
                        0.996283148,
                        -0.0106842197
                    ],
                    [
                        -0.032514178,
                        0.00961013661,
                        0.993912779
                    ]
                ],
                "bias": [
                    -3.00372421,
                    -8.129569,
                    16.655453
                ]
            },
            "magnetometer": {
                "theta": [
                    [
                        1.225777,
                        0.032457,
                        0.029723
                    ],
                    [
                        0.032457,
                        1.188017,
                        -0.026329
                    ],
                    [
                        0.029723,
                        -0.026329,
                        1.139707
                    ]
                ],
                "bias": [
                    -13.293332,
                    -8.99686,
                    0.35697
                ]
            },
            "gyroscope": {
                "theta": [
                    [
                        1.03047692,
                        0.11318723,
                        0.05332105
                    ],
                    [
                        -0.04702399,
                        0.73067087,
                        -0.11064558
                    ],
                    [
                        0.09328256,
                        -0.4519223,
                        0.57949588
                    ]
                ],
                "bias": [
                    -0.03347582,
                    0.05826998,
                    0.0033403
                ]
            }
        },
        {
            "port": 7,
            "accelerometer": {
                "theta": [
                    [
                        0.996643923,
                        0.00345847616,
                        -0.0105455711
                    ],
                    [
                        -0.0028747351,
                        0.997351685,
                        0.0171765314
                    ],
                    [
                        0.0104712047,
                        -0.0120770725,
                        0.996643184
                    ]
                ],
                "bias": [
                    0.513195483,
                    -6.38354307,
                    18.6818155
                ]
            },
            "magnetometer": {
                "theta": [
                    [
                        0.919869,
                        -0.063969,
                        0.036467
                    ],
                    [
                        -0.063969,
                        1.003396,
                        0.002549
                    ],
                    [
                        0.036467,
                        0.002549,
                        1.048945
                    ]
                ],
                "bias": [
                    6.961981,
                    -44.798494,
                    36.018804
                ]
            },