{
    "IMUs": [
        {
            "port": 0,
            "accelerometer": {
                "theta": [
                    [
                        0.99596521,
                        0.05101275,
                        -0.03127688
                    ],
                    [
                        -0.04953236,
                        0.98849984,
                        0.1094837
                    ],
                    [
                        0.035036,
                        -0.11041808,
                        0.98813521
                    ]
                ],
                "bias": [
                    -6.47619181,
                    -22.25689592,
                    28.33670423
                ]
            },
            "magnetometer": {
                "theta": [
                    [
                        0.945738,
                        -0.003007,
                        -0.006546
                    ],
                    [
                        -0.003007,
                        0.922916,
                        0.007009
                    ],
                    [
                        -0.006546,
                        0.007009,
                        0.949019
                    ]
                ],
                "bias": [
                    -21.155646,
                    15.08731,
                    60.443188
                ]
            },
            "gyroscope": {
                "theta": [
                    [
                        0.92552028,
                        -0.03281577,
                        0.33111104
                    ],
                    [
                        0.04988341,
                        0.88751086,
                        0.42732689
                    ],
                    [
                        0.13176533,
                        -0.15967813,
                        0.80570043
                    ]
                ],
                "bias": [
                    0.01302428,
                    0.00608158,
                    0.00806136
                ]
            }
        },
        {
            "port": 1,
            "accelerometer": {
                "theta": [
                    [
                        9.97836475e-01,
                        1.73195296e-02,
                        4.61338316e-03
                    ],
                    [
                        -1.48256644e-02,
                        9.96324042e-01,
                        1.68533979e-02
                    ],
                    [
                        -7.45458459e-03,
                        -3.81211401e-02,
                        9.92933741e-01
                    ]
                ],
                "bias": [
                    -3.76633968e+00,
                    -1.98928950e+01,
                    6.42785282e+00
                ]
            },
            "magnetometer": {
                "theta": [
                    [
                        1.264232,
                        -0.044928,
                        -0.002404
                    ],
                    [
                        -0.044928,
                        1.225985,
                        -0.006535
                    ],
                    [
                        -0.002404,
                        -0.006535,
                        1.244639
                    ]
                ],
                "bias": [
                    6.847327,
                    -22.258473,
                    54.19993
                ]
            },
            "gyroscope": {
                "theta": [
                    [
                        0.91231546,
                        0.1936244,
                        -0.01587249
                    ],
                    [
                        -0.04097905,
                        0.95112852,
                        0.0414368
                    ],
                    [
                        -0.01217961,
                        0.2924943,
                        0.90286951
                    ]
                ],
                "bias": [
                    0.00381464,
                    0.01862675,
                    0.00931548
                ]
            }
        },
        {
            "port": 6,
            "accelerometer": {
                "theta": [
                    [
                        9.97577820e-01,
                        -3.69281204e-02,
                        -3.58053696e-02
                    ],
                    [
                        2.47525095e-02,
                        9.75800564e-01,
                        -1.79128487e-01
                    ],
                    [
                        5.44459895e-02,
                        1.91283323e-01,
                        9.90247807e-01
                    ]
                ],
                "bias": [
                    -4.81589712e+00,
                    -1.19711947e+01,
                    2.84574949e+01
                ]
            },
            "magnetometer": {
                "theta": [
                    [
                        1.225777,
                        0.032457,
                        0.029723
                    ],
                    [
                        0.032457,
                        1.188017,
                        -0.026329
                    ],
                    [
                        0.029723,
                        -0.026329,
                        1.139707
                    ]
                ],
                "bias": [
                    -13.293332,
                    -8.99686,
                    0.35697
                ]
            },
            "gyroscope": {
                "theta": [
                    [
                        1.03047692,
                        0.11318723,
                        0.05332105
                    ],
                    [
                        -0.04702399,
                        0.73067087,
                        -0.11064558
                    ],
                    [
                        0.09328256,
                        -0.4519223,
                        0.57949588
                    ]
                ],
                "bias": [
                    -0.03347582,
                    0.05826998,
                    0.0033403
                ]
            }
        },
        {
            "port": 7,
            "accelerometer": {
                "theta": [
                    [
                        9.97577820e-01,
                        -3.69281204e-02,
                        -3.58053696e-02
                    ],
                    [
                        2.47525095e-02,
                        9.75800564e-01,
                        -1.79128487e-01
                    ],
                    [
                        5.44459895e-02,
                        1.91283323e-01,
                        9.90247807e-01
                    ]
                ],
                "bias": [
                    -4.81589712e+00,
                    -1.19711947e+01,
                    2.84574949e+01
                ]
            },
            "magnetometer": {
                "theta": [
                    [
                        0.919869,
                        -0.063969,
                        0.036467
                    ],
                    [
                        -0.063969,
                        1.003396,
                        0.002549
                    ],
                    [
                        0.036467,
                        0.002549,
                        1.048945
                    ]
                ],
                "bias": [
                    6.961981,
                    -44.798494,
                    36.018804
                ]
            },